15aa277b1054cdcdf7fc018e3a3abe2df7a1691b	Predictive representations of state	Representation discovery using harmonic analysis	On-line discovery of temporal-difference networks	Analyzing feature generation for valuefunction approximation	Using predictive representations to improve generalization in reinforcement learning	Predictive state representations: A new theory for modeling dynamical systems	Learning to predict by the methods of temporal differences	Reinforcement learning: An introduction	Temporal abstraction in temporal-difference networks	Temporaldifference networks	Td(λ) networks: temporal-difference networks with eligibility traces	Exponential family predictive representations of state	Approximate predictive state representations
ddf1ea128fbc14a203c3b3d44d0135bb4dc33ffe	Unsupervised Multiway Data analysis: A Literature Survey	Wavelets in Medicine and Biology	Variational Image Reconstruction from Arbitrarily Spaced Samples: A Fast Multiresolution Spline Solution	Synthesis of HighPerformance Parallel Programs for a Class of Ab Initio Quantum Chemistry Models	Fast Algorithms for Digital Signal Processing	Tensor decompositions, state of the art and applications	The Foundation of the General Theory of Relativity	Multi-linear mappings, SVD, HOSVD, and the numerical solution of illconditioned tensor least squares problems	Hierarchical tensor-product approximation to the inverse and related operators for high-dimensional elliptic problems	Transforms and fast algorithms for signal analysis and representations	Foundations of the PARAFAC procedure: Model and conditions for an explanatory multi-mode factor analysis	Introduction to tensor calculus and continuum mechanics	Compact representation of multidimensional data using tensor rank-one decomposition	Tensor Decompositions and Applications	From Matrix to Tensor : Multilinear Algebra and Signal Processing	A Multilinear Singular Value Decomposition	A Singular Value Decomposition of a k-Way Array for a Principal Component Analysis of Multiway Data, PTA-k	Tensor product analysis of partial difference equations	Tensor Decompositions Workshop Discussion Notes	Multidimensional signal processing using lower-rank tensor approximation	Efficient Computer Manipulation of Tensor Products with Applications to Multidimensional Approximation	Electron Correlation Techniques in Quantum Chemistry: Recent Advances	Iterative solution of linear systems in the 20th century	Handwritten digit classification using higher order singular value decomposition	General atomic and molecular electronic structure system	Multi-Way Analysis: Applications in the Chemical Sciences	Some mathematical notes on three-mode factor analysis	Multilinear image analysis for facial recognition
97a6613da7eeb0ac4f70ae2e3b793364c794e6dc	A survey of image registration techniques	Spatial transformation and registration of brain images using elastically deformable models	Hammer: Hierarchical attribute matching mechanism for elastic registration	Numerical tissue characterization in ms via standardization of the mr image intensity scale	2-D and 3-D Image Registration: for Medical, Remote Sensing, and Industrial Applications	Breast image registration techniques: a survey	A multilevel method for image registration	Medical Image Registration	Robot Vision	Fast parametric elastic image registration	On standardizing the mr image intensity scale	A survey of hierarchical non-linear medical image registration	A survey of medical image registration	Numerical Methods for Image Registration	Elastic registration in the presence of intensity variations	Non-rigid registration using free-form deformations: Application to breast mr images	An efficient mutual information optimizer for multiresolution image registration	A comparative study of transformation functions for nonrigid image registration	Towards efficient registration of medical images	Image registration methods: a survey
13050adb7aa8aaf2e1c38f2b2c7e3d070358d261	Self-stabilization	A self-stabilizing algorithm for constructing breadth-first trees	A self-stabilizing algorithm for finding a spanning tree in a polynomial number of moves	Route preserving stabilization	Self-stabilizing end-to-end communication	Log-space polynomial end-to-end communication	Snap-stabilization and PIF in tree networks	A snap-stabilizing point-to-point communication protocol in message-switched networks	How to improve snap-stabilizing point-topoint communication space complexity?	Self-stabilizing systems in spite of distributed control	On relaxing interleaving assumptions	Deadlock avoidance in store-and-forward networks	D2HT: the best of both worlds, Integrating RPS and DHT	Skip Graphs	Snap-stabilizing Prefix Tree for Peer-to-peer Systems	Self-stabilization in tree-structured p2p service discovery systems
d3ba6b48f62e2fe1802efb46c3799362572eeb1d	On deviations of the sample mean	Convergence of Probability Measures	Statistical performance guarantees for streaming flows using expedited forwarding	Large deviations, the shape of the loss curve, and economies of scale in large multiplexers	Application of network calculus to guaranteed service networks	A Poisson limit for buffer overflow probabilities	Performance guarantees in communication networks	On the performance of multiplexing independent regulated inputs	A network service curve approach for the stochastic analysis of networks	Buffer overflow asymptotics for a buffer handling many traffic sources	A calculus for network delay. I. Network elements in isolation	A calculus for network delay. II. Network analysis	An introduction to the theory of point processes	Simplification of network analysis in large-bandwidth systems	Theories and models for internet quality of service	Optimal performance partitioning for networks with envelope-regulated traffic	Large deviations approximations for fluid queues fed by a large number of on/off sources	Buffer overflow bounds for multiplexed regulated traffic streams	Extremal traffic and bounds for the mean delay of multiplexed regulated traffic streams	Applied and computational complex analysis	Probability inequalities for sums of bounded random variables	Extremal traffic and worst-case performance for queues with shaped arrivals	Worst case performance of a buffer with independent shaped arrival processes	Queueing Systems Vol.1: Theory	On the dynamics and performance of stochastic fluid systems	Cell loss asymptotics for buffers fed with a large number of independent stationary sources	Large deviations for small buffers: an insensitivity result	Large deviations ordering of point processes in some queueing networks	Stochastic majorization of aggregates of leakybucket constrained traffic streams	Introduction to congestion theory in telephone systems	Bounds for independent regulated inputs multiplexed in a service curve network element	Stochastic analysis of some expedited forwarding networks	The output of a switch, or, effective bandwidths for networks	Burstiness behavior of regualted flows inside networks
fd906edf5833d0d506a220097ced14a03ff40a73	Strong price of anarchy	The price of stability for network design with fair cost allocation	Acceptable points in general cooperative n-person games	The stability of hedonic coalition structures	The price of democracy in coalition formation	Intermediate preferences and stable coalition structures	On a network creation game	The stable marriage problem: structure and algorithms	Pure strategy Nash equilibrium in a group formation game with positive externalities	Worst-case equilibria	Graphs and cooperation in games	Algorithmic game theory
45705e7cf3337e2469b5dbcaa31579c28bde89d1	Private empirical risk minimization, revisited	Some comparisons among quadratic, spherical, and logarithmic scoring rules	Verification of forecasts expressed in terms of probability	Optimum statistical estimation with strategic data sources	Differentially private empirical risk minimization	Truthful mechanisms for agents that value privacy	Accuracy for sale: Aggregating data with a variance constraint	Incentive compatible regression learning	Calibrating noise to sensitivity in private data analysis	Boosting and differential privacy	Approximately optimal auctions for selling privacy when costs are correlated with data	Buying private data without verification	Selling privacy at auction	Budget feasible mechanisms for experimental design	Private matchings and allocations	Linear regression as a non-cooperative game	Mechanism design in large games: Incentives and privacy	Seminumerical algorithms	Take it or leave it: Running a survey when privacy comes at a cost	Privacy integrated queries: an extensible platform for privacy-preserving data analysis	Eliciting informative feedback: The peer-prediction method	Privacy-aware mechanism design	Is privacy compatible with truthfulness?	Strategy-proof estimators for simple regression	Introduction to the non-asymptotic analysis of random matrices
41b3a5272d0c8f98b73e7275481cd917802ad8b7	On the separation and equivalence of paging strategies	Competitive analysis of aggregate max in windowed streaming	Space-optimal heavy hitters with strong error bounds	The relative worst order ratio for online algorithms	The relative worst order ratio applied to paging	Access graphs results for LRU versus FIFO under relative worst order analysis	Relative interval analysis of paging algorithms on access graphs	A comparison of performance measures for online algorithms	A comparison of performance measures via online search	Maintaining time-decaying stream aggregates	Finding frequent items in data streams	A survey of performance measures for on-line algorithms	On the relative dominance of paging algorithms	Competitive analysis of maintaining frequent items of a stream	Competitive snoopy caching	Amortized efficiency of list update and paging rules
b5e6da04c35a586609a46bbbd7b1ad031a658b08	Power System State Estimation: Theory and Implementation	Matrix Mathematics	Distributed Kalman filtering based on consensus strategies	Diffusion recursive least-squares for distributed estimation over adaptive networks	Diffusion strategies for distributed Kalman filtering and smoothing	Row-action methods for huge and sparse systems and their applications	Decay rates for inverses of band matrices	Parallel and distributed state estimation	Algebraic Graph Theory	Matrix Computations	Algebraic reconstruction techniques (ART) for three-dimensional electron microscopy and x-ray photography	A distributed state estimator utilizing synchronized phasor measurements	Angenäherte Auflösung von Systemen linearer Gleichungen	False data injection attacks against state estimation in electric power grids	Incremental adaptive strategies over distributed networks	Diffusion least-mean squares over adaptive networks: Formulation and performance analysis	Optimization by Vector Space Methods	Sources: Staged cyber attack reveals vulnerability in power grid	State Estimation in Electric Power Systems: A Generalized Approach	Final Report on the August 14, 2003 Blackout in the United States and Canada: Causes and Recommendations	Distributed estimation and detection under local information	Quantized incremental algorithms for distributed optimization	Measurement placement for power system state estimation using decomposition technique	Adaptive processing over distributed networks	Consensus in ad hoc WSNs with noisy links - Part I: Distributed estimation of deterministic signals	Distributed LMS for consensus-based in-network adaptive processing	Power system static-state estimation, Part I: Exact model	Power system static-state estimation, Part II: Approximate model	Power system static-state estimation, Part III: Implementation	Communication and Control in Electric Power Systems: Applicationsc of Parallel and Distributed Processing.	Consensus based overlapping decentralized estimation with missing observations and communication faults	Projection method for solving a singular system of linear equations and its applications	False data injection attacks in electricity markets	Multi area state estimation using synchronized phasor measurements
0eb7343cdd90265282bd261c0e48cf2fd73ea465	The pharynx of caenorhabditis elegans	Classes of small-world networks	Emergence of scaling in random networks	Network biology: understanding the cell’s functional organization	The topology of technology graphs: Small world patterns in electronic circuits	Component placement optimization in the brain	Neural component placement	Wiring optimization in cortical circuits	The small world of the nobel nematode caenorhabditis elegans	Neocortex	Scale-free brain functional networks	Neuroelectronic interfacing: Semiconductor chips with ion channels, nerve cells, and brain	NanoFabrics: Spatial computing using molecular electronics	Neural Networks	Optimization in complex networks	Neurochip with integrated electronics in research phase	The large-scale organization of metabolic networks	Spatial growth of real-world networks	Modeling of growing networks with directional attachment and communities	Small worlds: how and why	Geometrical structure of the neuronal network of caenorhabditis elegans	The structure of scientific collaboration networks	Database of synaptic connectivity of c. elegans for computation	Immigration denied	Graph theory methods for the analysis of neural connectivity patterns	Organisation, development and function of complex brain networks	Scale-free networks from optimal design	Collective dynamics of ’small-world’ networks	The structure of the nervous system of the nematode caenorhabditis elegans	Noninvasive neuroelectronic interfacing with synaptically connected snail neurons immobilized on a semiconductor chip
030cadedef2370bd296af07fc3324c6bb8409ba5	Separating an object from its cast	Basic Topology	Parting directions for mould and die design	On the definition and the construction of pockets in macromolecules	Fast feature extraction for machining applications	A Differential Topology	Feature recognition for manufacturability analysis	Feature recognition from cad models	Topology	The visual hull concept for silhouette-based image understanding	Automated manufacturability analysis: A survey	Conceptual development of form features and feature models	Parametric and Feature-Based CAD/CAM	A hierarchy of polygons: a study of polygon properties	Convex decomposition of simple polygons	Person polygons: Why not?
31368c6398a34b489f78708039177d858b171d13	Belief revision process based on trust: Agents evaluating reputation of information sources	Statistical Inference	Dynamically learning sources of trust information: experience vs. reputation	Honesty and trust revisited: the advantages of being neutral about other’s cognitive models	An adaptive probabilistic trust model and its evaluation	The examination of an information-based approach to trust	Trust and Reputation in Multiagent Systems: Strategies and Dynamics with Reference to Electronic Commerce	Intertemporal discount factors as a measure of trustworthiness in electronic commerce	An integrated trust and reputation model for open multi-agent systems	A subjective metric of authentication	A logic for uncertain probabilities	The Beta reputation system	A survey of trust and reputation systems for online service provision	Obtaining reliable feedback for sanctioning reputation mechanisms	Maintenance-based trust for multiagent systems	Comparing trust mechanisms for monitoring aggregator nodes in sensor networks	Integrating behavioral trust in web service compositions	Gossip-based aggregation of trust in decentralized reputation systems	Analyzing the robustness of CertainTrust	Reputation and social network analysis in multi-agent systems	Review on computational trust and reputation models	Poyraz: Context-aware service selection under deception	Learning to trust in the competence and commitment of agents	TRAVOS: Trust and reputation in the context of inaccurate information sources	A probabilistic model for trust and reputation	Trust and reputation model in peer-to-peer networks	Trust representation and aggregation in a distributed agent system	Formal trust model for multiagent systems	Evidence-based trust: A mathematical model geared for multiagent systems	Q-learning	Individual comparisons by ranking methods	Distributed reputation management for electronic commerce	Trust management through reputation mechanisms
6ee7d70f2dbfc0d45fbf20485f82a9ed7e175725	ImageNet: A Large-Scale Hierarchical Image Database	Imagenet classification with deep convolutional neural networks	Rich feature hierarchies for accurate object detection and semantic segmentation	The PASCAL Visual Object Classes Challenge 2011 (VOC2011) Results	Debate on Yann LeCun’s Google+ page	Unsupervised joint alignment of complex images	Learning to align from scratch	Sift flow: Dense correspondence across scenes and its applications	Bird part localization using exemplar-based models with enforced pose and subcategory consistenty	POOF: Part-based one-vs.-one features for fine-grained categorization, face verification, and attribute estimation	Localizing parts of faces using a consensus of exemplars	Articulated pose estimation using flexible mixtures of parts	Articulated part-based model for joint object detection and pose estimation	Face detection, pose estimation, and landmark localization in the wild	Poselets: Body part detectors trained using 3d human pose annotations	Using k-poselets for detecting people and localizing their keypoints	Articulated pose estimation using discriminative armlet classifiers	Backpropagation applied to hand-written zip code recognition	Gradient-based learning applied to document recognition	DeCAF: A deep convolutional activation feature for generic visual recognition	Pedestrian detection with unsupervised multistage feature learning	DeepPose: Human pose estimation via deep neural networks	Learning human pose estimation features with convolutional networks	Visualizing and understanding convolutional neural networks	Intriguing properties of neural networks	Descriptor Matching with Convolutional Neural Networks: a Comparison to SIFT	Caffe: Convolutional architecture for fast feature embedding	HOGgles: Visualizing Object Detection Features	Efficient belief propagation for early vision	Distance transforms of sampled functions	SciPy: Open source scientific tools for Python	Articulated human detection with flexible mixtures of parts	Object recognition from local scale-invariant features	Overfeat: Integrated recognition, localization and detection using convolutional networks	Selective search for object recognition	VLFeat: An open and portable library of computer vision algorithms
5268d3d7f15ffa9c6a904a138b2b2794263c856e	Proving integrality gaps without knowing the linear program	Vertex cover approximations on random graphs	Vertex cover approximations: Experiments and observations	A local-ratio theorem for approximating the weighted vertex cover problem	On semidefinite programming relaxations for graph coloring and vertex cover	The importance of being biased	Improved approximation algorithms for the vertex cover problem in graphs and hypergraphs	The unique games conjecture and some of its implications on inapproximability	Some optimal inapproximability results	Approximation algorithms for set covering and vertex cover problems	Approximating covering and packing problems: set cover, independent set, and related problems	A better approximation ratio for the vertex cover problem	On the power of unique 2-Prover 1-Round games	Vertex cover might be hard to approximate to within 2 − e	The Lovasz theta function and a semidefinite programming relaxation of vertex cover	The complexity of determining a shortest cycle of even length	Ramsey numbers and an approximation algorithm for the vertex cover problem	Vertex packings: Structural properties and algorithms
3521f22e34fef8a53d55df180a76df5a7a4e7f87	Implicit structure and the dynamics of blogspace	Social navigation: techniques for building more usable systems	The structure of collaborative tagging systems	Is digg being rigged: More data	Referralweb: Combining social networks and collaborative filtering	GroupLens: Applying collaborative filtering to Usenet news	Social networks and social information filtering on digg	Mathematical model of foraging in a group of robots: Effect of interference	Analysis of dynamic task allocation in multi-robot systems	Social browsing on flickr	A review of probabilistic macroscopic models for swarm robotic systems	Wisdom of crowds	Ht06, tagging paper, taxonomy, flickr, academic article, toread	Modeling of swarm robotic systems: A case study in collaborative distributed manipulation	Ontologies are us: A unified model of social networks and semantics	The pagerank citation ranking: Bringing order to the web	Probability and Statistics	Recommender systems research: A connection-centric survey	talk presented at the Web2.0 Conference	Digg friends	The wizards of buzz
bcae858633935c727739a73447b50b40b7c52794	Observabiliy metrics for the relative localization of AUVs based on range and depth measurements: theory and experiments	Single beacon navigation: Observability analysis and filter design	Single range aided navigation and source localization: Observability and filter design	Formation control using range-only measurements	A continuous time linear adaptive source localization algorithm, robust to persistent drift	Cooperative AUV navigation using a single maneuvering surface craft	Toward underwater navigation based on range measurements from a single location	Nonlinear controllability and observability	Fixed target 3D localization based on range data only: A recursive least squares approach	An algebraic perspective to single-transponder underwater navigation	Remarks on the observability of single beacon underwater navigation	Observability analysis of opportunistic navigation with pseudorange measurements	Navigation method for underwater vehicles based on mutual acoustical positioning with a single seafloor station	Observability analysis for mobile robot localization	Relative pose observability analysis for 3D nonholonomic vehicles based on range measure- 10 ments only	Linear System Theory	Joint ASV/AUV range-based formation control: Theory and experimental results	Decentralized extended information filter for single-beacon cooperative acoustic navigation: Theory and experiments	Robotto-robot relative pose estimation from range measurements
6f9167ddb392a43a7e36a2df1feefa184d82763e	Selecting the most influential nodes in social networks, in: Neural Networks	Extracting influential nodes for information diffusion on a social network	Extracting influential nodes on a social network for information diffusion	Identifying key users for targeted marketing by mining online social network	Changes in cognitive state alter human functional brain networks	Structure and function of complex brain networks	Google’s PageRank and beyond: the science of search engine rankings	The pagerank citation ranking: Bringing order to the web	Identifying influential nodes in a wound healing-related network of biological processes using mean first-passage time	Online social networks: A survey of a global phenomenon	Cheap, easy, and massively effective viral marketing in social networks: truth or fiction?	New product adoption in social networks: Why direction matters	Opinion leadership and social contagion in new product diffusion	Credibility of electronic word-of-mouth: informational and normative determinants of on-line consumer recommendations	The effect of word of mouth on sales: Online book reviews	Do online reviews reflect a product’s true perceived quality? an investigation of online movie reviews across cultures	The effect of on-line consumer reviews on consumer purchasing intention: The moderating role of involvement	A study of the spreading scheme for viral marketing based on a complex network model	Mining knowledge-sharing sites for viral marketing	Who will lead and who will follow: Identifying influential users in online social networks	Maximizing the spread of influence through a socia ´ l network	Efficient influence maximization in social networks	Identifying influential nodes in complex networks	A modified evidential methodology of identifying influential nodes in weighted networks	Identifying influential nodes in weighted networks based on evidence theory	Centrality in social networks conceptual clarification	Structural holes: The social structure of competition	Eigenvector-like measures of centrality for asymmetric relations	Detecting influential nodes in complex networks with range probabilistic control centrality	A new method to construct co-author networks	Analyzing the social web	A new status index derived from sociometric analysis	The importance of bottlenecks in protein networks: correlation with gene essentiality and expression dynamics	The SAGE handbook of social network analysis	The anatomy of a large-scale hypertextual web search engine	How to make the top ten: Approximating pagerank from in-degree	Identifying key users in online social networks: a PageRank based approach	An introduction to social network data analytics	Leaders in social networks, the delicious case	Identifying influential spreaders by weighted leaderrank	Identification of influential spreaders in complex networks	Managerial economics	Ranking the spreading ability of nodes in complex networks based on local structure
8ecd49c474b701f69d962f8337490c7f342266c3	Lossy communication of correlated sources over multiple access channels	Joint source-channel coding via hybrid coding	State amplification	Capacity-distortion trade-off in channels with state	Causal state amplification	Coordination capacity
bdb1b4128730838eb2fed83829f46a9077eca9f7	Nonlinear diffusion and exclusion processes with contact interactions	Models of collective cell spreading with variable cell aspect ratio: a motivation for degenerate diffusion models	Nonlinear cross-diffusion with size exclusion	Nonlinear Poisson–Nernst– Planck equations for ion flux through confined geometries	“On kinematic waves. II. a theory of traffic flow on long crowded roads	Continuous limit of a crowd motion and herding model: analysis and numerical simulations	Mean field games with nonlinear mobilities in pedestrian dynamics	Simulating invasion with cellular automata: connecting cell-scale and population-scale properties	Cellular automata microsimulation for modeling bi-directional pedestrian walkways	Simulation of pedestrian dynamics using a two-dimensional cellular automaton	Rarefied gas dynamics: from basic concepts to actual calculations	The problem of integration in finite terms	Symbolic Integration I	Differential Algebra	Differential algebra and algebraic groups	Symbolic integration of expressions involving unspecified functions	A REDUCE program for the integration of differential polynomials	Integro-differential polynomials and operators	Symbolic Analysis for Boundary Problems: From Rewriting to Parametrized Gröbner Bases	Definite Integration in Differential Fields	Integration of unspecified functions and families of iterated integrals	On the integration of differential fractions	An algorithm for converting nonlinear differential equations to integral equations with an application to parameter estimation from noisy data	A one-dimensional model of cell diffusion and aggregation, incorporating volume filling and cell-to-cell adhesion
a98488969aed4d6add1115ce18c19c89b4826a92	Computation of component image velocity from local phase information	Analytic estimation of subsample spatial shift using the phases of multidimensional analytic signals	Phase–based block matching applied to motion estimation with unconventional beamforming strategies	Using AM–FM image modeling technique in mammograms	Breast cancer detection in mammogram with AM–FM modeling and gabor filtering	Texture analysis and segmentation using modulation features, generative models, and weighted curve evolution	AM-FM image analysis using the Hilbert Huang transform	Phase-based level set segmentation of ultrasound images	The monogenic signal	Recent multiscale AM–FM methods in emerging applications in medical imaging	Analytic signals and harmonic measures	On instantaneous frequency	New algorithms for fast and accurate AM–FM demodulation of digital images	Characterization of Signals by the Ridges of Their Wavelet Transforms	Multiridge Detection and Time– Frequency Reconstruction	A nonlinear squeezing of the continuous wavelet transform based on auditory nerve models	Improving the readability of time-frequency and time-scale representations by the reassignment method	The empirical mode decomposition and the Hilbert spectrum for nonlinear and non-stationary time series analysis	Empirical mode decomposition as a filter bank	One or two frequencies? The empirical mode decomposition answers	Synchrosqueezed Wavelet Transforms: an Empirical Mode Decomposition-like Tool	One or two frequencies?The synchrosqueezing answer	A new algorithm for multicomponent signal analysis based on synchrosqueezing: With an application to signal sampling and denoising	A novel approach to the 2D analytic signal	Phase Derivative of Monogenic Signals in Higher Dimensional Spaces	The Monogenic Wavelet Transform	Multiresolution Monogenic Signal Analysis Using the Riesz–Laplace Wavelet Transform	Two-dimensional Wavelets and their Relatives	Multiple Multidimensional Morse Wavelets	Wavelets: tools for science and technology	Interpolation theory, function spaces, differential operators	Quaternionic analysis	Singular Integrals Differentiability Properties of Functions
2942516df2695e73365e78a51e8bbe9ea1397f8f	Outlier detection for high dimensional data	Computational properties of metaquerying problems	Dolphin: an efficient algorithm for mining distance-based outliers in very large datasets	Outlier detection by logic programming	Outlier mining in large high-dimensional data sets	Outlier detection using default reasoning	Outlier detection for simple default theories	Propositional semantics for disjunctive logic programs	Metaqueries: Semantics, complexity, and ef- ficient algorithms	Lof: Identifying density-based local outliers	Anomaly detection: A survey	Editorial: special issue on learning from imbalanced data sets	Learning default theories	Identification of Outliers	A survey of outlier detection methodologies	Hard problems for simple default logics	Algorithms for mining distance-based outliers in large datasets	Angle-based outlier detection in high-dimensional data	Isolation forest	Machine Learning	Computatational Complexity	Loci: Fast outlier detection using the local correlation integral	A logic for default reasoning	Extracting support data for a given task	Metaqueries for data mining	Introduction to Data Mining
9ba994ddf01d2431c6c8de129b3a5a7797e5a5e6	Quasilinearizability: Relaxed consistency for improved concurrency	ACDC: Towards a universal mutator for benchmarking heap management systems	Hoard: a scalable memory allocator for multithreaded applications	RadixVM: Scalable address spaces for multithreaded applications	Fast concurrent datastructures through explicit timestamping	A scalable concurrent malloc(3) implementation for freebsd	ptmalloc2 – a multi-thread malloc implementation	gperftools: Fast, multi-threaded malloc() and nifty performance analysis tools	Local linearizability	Distributed queues in shared memory—multicore performance and scalability through quantitative relaxation	Flat combining and the synchronization-parallelism tradeoff	Quantitative relaxation of concurrent data structures	The Art of Multiprocessor Programming	Mcrt-malloc: a scalable transactional memory allocator	Thread building blocks	A methodology for creating fast wait-free data structures	Memory allocation for long-running server applications	A memory allocator	llalloc: Lockless memory allocator	Hazard pointers: Safe memory reclamation for lock-free objects	Scalable lock-free dynamic memory allocation	shbench	Scalable locality-conscious multithreaded memory allocation	Addresssanitizer: A fast address sanity checker	Systems programming: Coping with parallelism	Dynamic storage allocation: A survey and critical review
a14feb1f5d1f35815eca17c91365a728a27ade94	Feature selection in scientific applications	Feature selection from huge feature sets	Stable feature selection via dense feature groups	Distributional word clusters vs. words for text categorization	An extensive empirical study of feature selection metrics for text classification	Quadratic programming feature selection	Two-level k-means clustering algorithm for k-τ relationship establishment and linear-time classification	Some methods for classification and analysis of multivariate observations	Classifying large data sets using svms with hierarchical clusters	Fast k-nearest neighbor classification using cluster-based trees	Fast high-dimensional kernel summations using the monte carlo multipole method	Toward integrating feature selection algorithms for classification and clustering	Attribute clustering for grouping, selection, and classification of gene expression data	Simultaneous gene clustering and subset selection for sample classification via mdl	ture selection based on mutual information: criteria of max-dependency, maxrelevance, and min-redundancy	Information-theoretic measures for knowledge discovery and data mining	Design of fuzzy expert system for microarray data classification using a novel genetic swarm algorithm	Learning sparse svm for feature selection on very high dimensional datasets	Discovering support and affiliated features from very high dimensions	inear: A library for large linear classification
2e939ed3bb378ea966bf9f710fc1138f4e16ef38	Risks and portfolio decisions involving hedge funds.	Computing var and cvar using stochastic approximation and adaptive unconstrained importance sampling	Markov decision processes with average-value-at-risk criteria	Infinite-horizon policy-gradient estimation	Dynamic Programming and Optimal Control, Vol II	Risk-constrained Markov decision processes	A sensitivity formula for risk-sensitive cost and the actor–critic algorithm	Technical update: Least-squares temporal difference learning	Order Statistics	Differentiation under the integral sign	Gradient estimation	A unifying perspective of parametric policy search methods for Markov decision processes	Approximate dynamic programming finally performs well in the game of tetris	Likelihood ratio gradient estimation for stochastic systems	Importance sampling for monte carlo estimation of quantiles	Simulating sensitivities of conditional value at risk	Fast gradient descent method for mean-cvar optimization	A natural policy gradient	Stochastic approximation and recursive algorithms and applications	Simulation-based optimization of Markov reward processes	Nonparametric return distribution approximation for reinforcement learning	Reinforcement learning of motor skills with policy gradients	Actor-critic algorithms for risk-sensitive mdps	Policy gradients for CVaR-constrained	Optimization of conditional value-at-risk	Simulation and the Monte Carlo method	Nonparametric estimation and sensitivity analysis of expected shortfall	Reinforcement learning: An introduction	Policy gradient methods for reinforcement learning with function approximation	Policy gradients with variance related risk criteria	Improvements on learning tetris with cross entropy	Feature-based methods for large scale dynamic programming
2a2b8a525eae19087cc0248a45a8e17de44b021f	Shannon-theoretic approach to a Gaussian cellular multi-access channel with fading	Information theoretic aspects of users’ activity in a Wyner-like cellular model	Interference alignment and degrees of freedom of the K-user interference channel	A distributed numerical approach to interference alignment and applications to wireless interference networks	Degrees of freedom of the K-user M × N MIMO interference channel	Degrees of freedom of wireless X networks	Interference alignment for celluar networks	Opportunistic interference alignment for interference-limited cellular TDD uplink	A study on the optimal degrees-of-freedom of cellular networks: Opportunistic interference mitigation	Sum Rate Enhancement by Maximizing SGINR in an Opportunistic Interference Alignment	Opportunistic Interference Mitigation Achieves Optimal Degrees-of-Freedom in Wireless Multicell Uplink Networks	Opportunistic Interference Alignment for MIMO IMAC: Effect of User Scaling Over Degree-of-Freedom	Information capacity and power control in single cell multiuser communications	Opportunistic beamforming using dumb antennas	On the capacity of MIMO broadcast channels with partial side information	Downlink opportunistic scheduling with low-rate channel state feedback: Error rate analysis and optimization of the feedback parameters	Multi-antenna downlink channels with limited feedback and user selection	Opportunistic relaying in wireless networks	Parallel opportunistic routing in wireless networks	Multi-user diversity in a spectrum sharing system	Opportunistic feedback in multiuser MIMO systems with linear receivers	Interference management: a new paradigm for wireless cellular networks	Big Omicron and big Omega and big Theta	Third-Generation Partnership Project 2
765f6ca92d5c228847c2ceb37b756ecf980c95a4	From human factors to human actors: the role of psychology and human-computer interaction studies in system design	Beyond the interface: encountering artifacts in use	Intimate interactions: online representation and software of the self	Feminist HCI: Taking Stock and Outlining an Agenda for Design	When second wave HCI meets third wave challenges	Hertzian Tales - Electronic Products, Aesthetic Experience, and Critical Design	The History of Sexuality, Vol. 1 An Introduction	Power/Knowledge	Discipline and Punish: The Birth of the Prison	Bias in computer systems	Michel Foucault	Why Horst W. J. Rittel Matters	Life on the Screen
10a1e6233fce78a5c6bd3a40cca3e9298da55abe	A Fifteen-Year Perspective on Automatic Programming	The Design and Implementation of Hierarchical Software Systems with Reusable Components	Composition Validation and Subjectivity in GenVoca Generators	JTS: Tools for Implementing Domain-Specific Languages	Design Wizards and Visual Programming Environments for GenVoca Generators	Achieving Extensibility through Product Lines and Domain-Specific Languages: A Case Study	Generating Product lines of Product-Families	Refinements and MultiDimensional Separation of Concerns	Design Maintenance Systems	Microsoft Repository Version 2 and the Open Information Model	Common Algebraic Specification Language User Manual	Logic Programming Synthesis and Transformation	Mixin-Based Inheritance	Putting Theories Together to Make Specifications	Comparing Frameworks and Layered Refinement	MultiJava: Modular Open Classes and Symmetric Multiple Dispatch for Java	A Discipline of Programming	Fundamentals of Algebraic Specification 1: Equations and Initial Semantics	Fundamentals of Algebraic Specification 2: Module Specifications and Constraints	Putting Metaclasses to Work	Classes and Mixins	Handling Crosscutting Constraints in Domain-Specific Modeling	Implementing Product line Features by Composing Component Aspects	Subject-Oriented Programming (a Critique of Pure Objects)	Mapping UML Designs to Java	Applying Feature Models in Industrial Settings	The SPIN Model Checker: Primer and Reference Manual	A Micromodularity Mechanism	Distributed Feature Composition: A Virtual Architecture for Telecommunications Services	Automatic Remodularization and Optimized Synthesis of Product-Families	A Standard Problem for Evaluating Product line Methodologies	FeatureOriented Domain Analysis Feasibility Study	Aspect-Oriented Programming	Interfaces for Modular Feature Verification	Adaptive Plug-and-Play Components for Evolutionary Software Development	Jiazzi: New-Age Components for Old-Fashioned Java	Model-Driven Development	Implementing Data Structures by Composition of Reusable Components: A Formal Approach	Using Multi-Dimensional Separation of Concerns to (Re)Shape Evolving Software	The Logic of Propagation in the INSCAPE Environment	Feature-Oriented Programming: A Fresh Look at Objects	“Feature-Oriented Programming: A New Way of Object Composition	OORASS: Seamless Support for the Creation and Maintenance of Object-Oriented Systems	Algebraic Specification and Program Development by Stepwise Refinement	Mixin Layers: An Object-Oriented Implementation Technique for Refinements and CollaborationBased Designs	Generative Programming for Embedded Systems	Reconciling Environment Integration and Software Evolution	N Degrees of Separation: Multi-Dimensional Separation of Concerns	AHEAD Tool Documentation	Using Role Components to Implement CollaborationBased Designs	Little Languages: Little Maintenance?	Software Product Line Engineering	Algebraic Specification	Fundamental Structures of Computer Science	An Experiment in Feature Engineering
1ad4974c4d79b00c890bd2dd1562600bd9c7e2bd	Approximate is better than “exact” for interval estimation of binomial proportions	Finding parts in very large corpora	Bracketing guidelines for Treebank II style	Identifying non-referential it: A machine learning approach incorporating linguistically motivated patterns	Coarse-to-fine n-best parsing and maxent discriminative reranking	The statistical significance of the MUC-4 results	Learning taxonomic relations from heterogeneous evidence	Improving the identification of nonanaphoric it using support vector machines	A coefficient of agreement for nominal scales	Head-Driven Statistical Models for Natural Language Parsing	A constructional approach to clefts	Bootstrap Methods and Their Application	Automatic resolution of anaphora in English	The kappa statistic: a second look	An Introduction to the Bootstrap	A comparison of rule-based and machine learning methods for identifying non-nominal it	Applying machine learning toward an automatic classification of it	WordNet: An Electronic Lexical Database.	Interpreting focus	Implicit and explicit grammar: An empirical study	Pronouns without NP antecedents: How do we know when a pronoun is referential?	Where do cleft sentences come from?	For-to complement clauses in English: A cognitive grammar analysis	Automatic acquisition of hyponyms from large text corpora	The Discourse Function of Cleft Sentences in English	The referential status of clefts	It-extraposition in English: A functional view	Googleology is bad science	Introduction to the special issue on the Web as corpus	Bare NPs: Kind-referring, indefinites, both, or neither?	Content Analysis: An Introduction to Methodology	A framework for the analysis of cleft constructions	An algorithm for pronominal anaphora resolution	Building a large annotated corpus of English: the Penn Treebank	Comparing knowledge sources for nominal anaphora resolution	Using the web for nominal anaphora resolution	America in So Many Words: Words That Have Shaped America	Outstanding issues in anaphora resolution	A new, fully automatic version of Mitkov’s knowledge-poor pronoun resolution method	Automatic detection of nonreferential it in spoken multi-party dialog	On the surface syntax of constructions with easy-type adjectives	Identifying anaphoric and non-anaphoric noun phrases to improve coreference resolution	Computer-Intensive Methods for Testing Hypotheses : An Introduction	Towards the automatic recognition of anaphoric features in english text: the impersonal pronoun “it”	Learning accurate, compact, and interpretable tree annotation	Acquiring lexical knowledge for anaphora resolution	Collins COBUILD English Grammar	Proper nouns in English	Information Retrieval	Converting dependency structures to phrase structures
45099df43a2692bb4eea8ec12b331bb827403d57	Concurrency Control Performance Modeling: Alternatives and Implications	Concurrency Control in Advanced Database Applications	Concurrency Control and Recovery in Database Systems	A Flexible Transaction Facility for an ObjectOriented Database	Fine Grained Sharing in a Page Server OODBMS	Parallelism and Concurrency Control Performance in Distributed Database Machines	Concurrency Control for High Contention Environments	Caching and Memory Management in Client-Server Database Systems	Transaction Processing: Concepts and Techniques	Consistent Timestamping for Transactions in Distributed Systems	Principles of Distributed Database Systems	Performance Limits of Two-Phase Locking
9e59d03fbb534832ced523250ee429f41893ab39	Commutative watermarking and encryption for media data	Intruder Deduction for the Equational Theory of Exclusive-or with Commutative and Distributive Encryption	A survey of algebraic properties used in cryptographic protocols	New foundations for efficient authentication, commutative cryptography, and private disjointness testing	A public key cryptosystem and a signature scheme based on discrete logarithms	A novel deniable authentication protocol using generalized ElGamal signature scheme	Efficient remote user authentication scheme based on generalized ElGamal signature scheme	Repairing ElGamal-like multi-signature schemes using self-certified public keys	Information Sharing Across Private Databases	New directions in cryptography	On the Security of ElGamal Based Encryption	Towards the Equivalence of Breaking the Diffie-Hellman Protocol and Computing Discrete Logarithms	How intractable is the discrete logarithm for a general finite group	Constant-Round Oblivious Transfer in the Bounded Storage Model	Computationally Secure Oblivious Transfer
2774393ecb042926ba7fa6957841853ffff0396d	Stochastic attribute-value grammars	Implementing randomised algorithms in constraint logic programming	Context-specific independence in Bayesian networks	Maximum entropy modeling with clausal constraints	Towards probabilistic extensions of constraint-based grammars	An overview of some recent developments in Bayesian problem solving techniques	Relational Bayesian networks	Effective Bayesian inference for stochastic programs	Learning probabilities for noisy first-order rules	The estimation of stochastic context-free grammars using the Inside-Outside algorithm	Local computations with probabilities on graphical structures and their applications to expert systems	Foundations of Logic Programming	Stochastic logic programs	Probabilistic logic programming	Answering queries from context-sensitive probabilistic knowledge bases	Inducing features of random fields	Probabilistic constraint logic programming	Logic programs with uncertainties: A tool for implementing rule-based systems	Learning mixtures of DAG models	A method for implementing a probabilistic model as a relational database
aeb717fbb9aac3501236bce498cbf8b98f5d8926	http://dictionary.reference.com/help/faq/language/h/howmanywords.html	http://en.wikipedia.org/	http://www.askoxford.com/asktheexperts/faq/aboutwo rds/numberwords	http://www.esri.com/library/glossary/i_l.html	http://www.msexchange.org/tutorials/Full-Text-IndexInformation-Store.html	http://www.m-w.com/help/faq/total_words.htm	http://www.novell.com/documentation/gw52/lb10000 1.html	http://www.vectorsite.net/ttdcmp1.html	A new technique for compression and storage of data	Data compression	Experiments in text file compression	Compression of indexes with full positional information in very large text databases	A Method for the Construction of Minimum Redundancy Codes	Conciseness through aggregation in text generation	Automatic storage optimization	Operating System	The UNIX System Oral History Project	Introducing UNIX System V	High-Order Entropy-Compressed Text Indexes	Operating System Concept	A Universal Algorithm for Sequential Data Compression
5f17cac51538fc860379e2a4887586757be6182e	Iterative padding subtraction of the PN sequence for the TDS-OFDM over broadcast channels	A pseudo random postfix OFDM modulator and inherent channel estimation techniques	Different guard interval techniques for OFDM: performance comparison	Technical Review on Chinese Digital Terrestrial Television Broadcasting Standard and Measurements on Some Working Modes	An Introduction of the Chinese DTTB Standard and Analysis of the PN595 Working Modes	Cyclic Prefixing or Zero Padding for Wireless Multicarrier Transmissions?	Frames theoretic analysis of zero-padding OFDM over deep fading wireless channels	On channel estimation and equalization in TDS-OFDM based terrestrial HDTV broadcasting system	Iterative channel estimation for block transmission with known symbol padding - a new look at TDS-OFDM	Novel decision-aided channel estimation for TDS-OFDM systems	Novel channel estimation method based on PN sequence reconstruction for Chinese DTTB system	Novel decision-directed channel estimation method for TDS-OFDM system	Iterative turbo channel estimation for OFDM system over rapid dispersive fading channel	A combined time and frequency algorithm for improved channel estimation in TDS-OFDM	Pilot-symbol-aided channel estimation for OFDM in wireless systems	Simplified soft-output demapper for binary interleaved COFDM with application to HIPERLAN/2	Pilot-symbol-aided channel estimation in time and frequency	Estimation of rapid time-variant channels for OFDM using Wiener filtering	Linear interpolation in pilot symbol assisted channel estimation for OFDM	Digital land mobile radio communications
520633c68777988873f5aa011df45a5289c04217	A fast convex hull algorithm	A time-optimal parallel algorithm for 3D convex hulls	The quickhull algorithm for convex hulls	Optimal output-sensitive convex hull algorithms in two and three dimensions	A minimalist’s implementation of the 3- d divide-and-conquer convex hull algorithm	An optimal convex hull algorithm in any fixed dimension	A new convex hull algorithm for planar sets	Efficient quicksort and 2D convex hull for CUDA, and MSIMD as a realistic model of massively parallel computations	The ultimate planar convex hull algorithm?	The OpenCL specification version 1.0	GeForce GTX 580 specifications	NVIDIA introduces industry-changing, highly integrated GPU	NVIDIA CUDA Programming Guide 2.0	Convex hulls of finite sets of points in two and three dimensions	Geometric Algorithms on CUDA	A convex hull algorithm optimal for point sets in even dimension	Fast two dimensional convex hull on the GPU	GPU accelerated convex hull computation	Divide-and-conquer 3D convex hulls on the GPU
01ce0903206717ac40f9a26ce9478bdeff5c1262	Spatial modulation - a new low complexity spectral efficiency enhancing technique	Spatial modulation	Coherent and differential spacetime shift keying: A dispersion matrix approach	Performance comparison of different spatial modulation schemes in correlated fading channels	“Space shift keying (SSK) modulation: on the transmit-diversity / multiplexing trade-off	Space-time block coding for spatial modulation	Single symbol maximum likelihood decodable linear STBCs	Cyclic Division Algebras: A Tool for Space-Time Coding
2dd3138ebdaad92ace967fe7d2842937a5c729e4	
05d1cee851e2d900ab78b3542237af4db84590fd	Queueing models for systems with synchronization constraints	Algorithms for unboundedly parallel simulations	Minimax Algebra	About difference equations, algebras and discrete events	Using max-algebra linear models in the representation of queueing systems	A max-algebra approach to modeling and simulation of tandem queueing systems	Algebraic tools for the performance evaluation of discrete event systems
d9f69149832fa4ceb0ab3b0285863ae2c8977d2e	Fril - Fuzzy and Evidential Reasoning in Artificial Intelligence	Probabilistic reasoning with answer sets	Nonmonotonic reasoning, conditional objects and possibility theory	Pstable semantics for logic programs with possibilistic ordered disjunction	A classification and survey of preference handling approaches in nonmonotonic reasoning	Towards possibilistic logic programming	Possibilistic logic	The stable model semantics for logic programming	Twelve definitions of a stable model	Assat: computing answer sets of a logic program by sat solvers	Towards a fuzzy answer set semantics for residuated logic programs	Possibilistic uncertainty handling for answer set programming	Preferred answer sets for ordered logic programs	Semantics for possibilistic disjunctive programs	Logics with common weak completions	Belief logic programming	Fuzzy sets as a basis for a theory of possibility
50fb3680934ae424e4c73c18e9928e9741171d5b	Arcing classifiers	Ensemble learning using multi-objective evolutionary algorithms	Evolving hybrid ensembles of learning machines for better generalisation	Approximate statistical tests for comparing supervised classification learning algorithms	Ensemble methods in machine learning	Monte Carlo theory as an explanation of Bagging and Boosting	Ensemble techniques for parallel genetic programming based classifiers	Experiments with a new Boosting algorithm	Genericity in evolutionary computation software tools: Principles and case-study	Open BEAGLE: An evolutionary computation framework in C++	Margin based feature selection - theory and algorithms	Feature Extraction: Foundations And Applications	Co-evolving parasites improve simulated evolution as an optimization procedure	Escaping brittleness: The possibilities of general-purpose learning algorithms applied to parallel rule-based systems	Learning classifier systems: New models, successful applications	Bagging, Boosting, and bloating in genetic programming	Genetic programming, ensemble methods, and the bias/variance tradeoff – introductory investigations	Evolutionary ensembles with negative correlation learning	UCI repository of machine learning databases	Coevolving cellular automata: Be aware of the Red Queen!	Applying Boosting techniques to genetic programming	The dynamics of AdaBoost: Cyclic behavior and convergence of margins	Boosting the margin: A new explanation for the effectiveness of voting methods	Training genetic programming on half a million patterns: an example from anomaly detection	Statistical Learning Theory
246cd6090088e84f7b7ce85f94ad1969ad860118	CGAL release 3.2.1	Minimum-cost coverage of point sets by disks	A new concept of synthetic aperture instrument for high resolution earth observation from high orbits	Curved Voronoi diagrams	Covering algorithms, continuum percolation and the geometry of wireless networks	Coordination and geometric optimization via distributed dynamical systems	Analysis of the Golomb ruler and the Sidon set problems, and determination of large, near-optimal Golomb rulers	On a problem of Sidon in additive number theory, and on some related problems	Dynamic additively weighted Voronoi diagrams in 2d	Computational Geometry: Algorithms and Applications	Pupil configuration for extended source imaging with optical interferometry: A computational geometry approach
152119fe816def89f825ac5b56e85b16530d0bbe	Computational complexity - a modern approach	Quantum Lower Bounds by Polynomials	Random oracles in a quantum world	Quantum-secure message authentication codes	Secure signatures and chosen ciphertext security in a post-quantum world	Superposition attacks on cryptographic protocols	Quantum computing and communication complexity	Can quantum-mechanical description of physical reality be considered complete?	How many functions can be distinguished with k quantum queries?	The foundations of cryptography - volume 2, basic applications	Introduction to modern cryptography	How to construct pseudorandom permutations from pseudorandom functions	Quantum computation and quantum information	On the construction of pseudorandom permutations: Luby-rackoff revisited	Communication Theory of Secrecy Systems	How to construct quantum random functions
4699e2c09244f3496b1c202925618ccf732a617d	Fixed parameter algorithms for dominating set and related problems on planar graphs	Polynomial-time data reduction for dominating set	Easy problems for tree-decomposable graphs	Approximation algorithms for NP-complete problems on planar graphs	(Meta) Kernelization	A partial k-arboretum of graphs with bounded treewidth	Automatic generation of linear-time algorithms from predicate calculus descriptions of problems on recursively constructed graph families	Parametric duality and kernelization: Lower bounds and upper bounds on kernel size	The monadic second-order logic of graphs I: Recognizable sets of finite graphs	The expression of graph properties and graph transformations in monadic second-order logic	Approximation schemes for first-order definable optimisation problems	Bidimensional parameters and local treewidth	Subexponential parameterized algorithms on bounded-genus graphs and H-minor-free graphs	Bidimensionality: New connections between FPT algorithms and PTASs	Bidimensionality	The bidimensionality theory and its algorithmic applications	Linearity of grid minors in treewidth with applications through bidimensionality	Subexponential parameterized algorithms	Subgraph isomorphism in planar graphs and related problems	Diameter and treewidth in minor-closed graph families	Improved approximation algorithms for minimum-weight vertex separators	Contraction bidimensionality: the accurate picture	Subexponential algorithms for partial cover problems	Bidimensionality and kernels	New upper bounds on the decomposability of planar graphs	New upper bounds on the decomposability of planar graphs	Approximation algorithms for partial covering problems	Local tree-width, excluded minors, and approximation algorithms	Towards a syntactic characterization of ptas	Wavelength conversion in optical networks	Spanning trees with many leaves	A separator theorem for planar graphs	Applications of a planar separator theorem	Quickly excluding a planar graph
7e2677bb7c4b1c1bcb7bd89c79cfc17a9d955f48	Exchangeability and related topics	Ferguson distributions via P´olya urn schemes	Applications of the two-parameter poisson-dirichlet distribution	Information theoretic asymptotics of Bayes methods	Jeffreys’ prior is asymptotically least favorable under entropy risk	A source matching approach to finding minimax codes	An Essay on Probabilities, and on their Application to Life Contingencies and Insurance Offices	Theory of probabilities	De Finetti’s generalizations of exchangeability	Concentration bounds on unigrams language models	The sampling theory of selectively neutral alleles	A Bayesian analysis of some nonparametric problems	What is wrong with adding one?	Source coding with side information and universal coding	The population frequencies of species and the estimation of population parameters	Addendum to a paper of W. Ewens	Random discrete distributions	Random partitions in population genetics	The representation of partition structures	The Mathematics of Genetic Diversity	Philosphical essay on probabilities. Translated from the fifth French edition of 1825	On the convergence rate of Good Turing estimators	Good, Jelinek, Mercer, and Robins on Turing’s estimate of probabilities	On modeling profiles instead of values	Always Good Turing: Asymptotically optimal probability estimation	Universal compression of memoryless sources over unknown alphabets	Limit results on pattern entropy	Exchangeable and partially exchangeable random partitions	Random discrete distributions invariant under size-biased permutation	Combinatorial stochastic processes	The two-parameter Poisson-Dirichlet distribution derived from a stable subordinator	Dirichlet processes	Coding of a source with unknown but ordered probabilities	Compression based methods for nonparametric on-line prediction, regression, classification and density estimation of time series	Data driven weak universal redundancy	Patterns and exchangeability	Probability estimation in the rare-events regime	The sampling theory of selectively neutral alleles	Predicting the unpredictable	The continuum of inductive methods revisited	Symmetry and Its Discontents: Essays on the History of Inductive Probability
4a59d7877aba1aa4f5a94758030f99989b2989dc	Quantum-inspired genetic algorithms	Genetic quantum algorithm and its application to combinatorial optimization problem	Genetic Algorithms + Data Structures = Evolution Programs	Quantum computation and quantum information	Evolutionary algorithms for global parametric fault diagnosis in analogue integrated circuits	Application of evolutionary algorithm to design minimal phase digital filters with non-standard amplitude characteristics and finite bit word length	Application of genetically evolved neural networks to dynamic terrain generation	Application of Quantum Genetic Algorithms in Feature Selection Problem	A quantum-inspired genetic algorithm for multi-source affine image registration	A Quantum-Inspired Evolutionary Algorithm for Multiobjective Image Segmentation	A hybrid quantum-inspired genetic algorithm for flow shop scheduling	A hybrid quantum-inspired genetic algorithm for multiobjective flow shop scheduling	A thermal unit commitment approach using an improved quantum evolutionary algorithm	Quantum-inspired evolutionary algorithm approach for unit commitment	Application of quantum-inspired evolutionary algorithm in reactive power optimization	Quantum-inspired evolutionary algorithm for real and reactive power dispatch	Comparison of Algorithms ˙ for Simultaneous Localization and Mapping Problem for Mobile Robot	Quantum-inspired evolutionary algorithms: a survey and empirical study	Optimization of control parameters for genetic algorithms	Meta-optimization of QuantumInspired Evolutionary Algorithm	Tuning & Simplifying Heuristical Optimization	Building Blocks Propagation in Quantum-Inspired Genetic Algorithm	Essentials of metaheuristics	Genetic algorithms in search, optimization, and machine learning	Quantum-inspired evolutionary algorithm for a class of combinatorial optimization	PyEvolve: a Python open-source framework for genetic algorithms	Probability: Theory and Examples	Convergence analysis of Quantum-Inspired Evolutionary Algorithms based on Banach fixed point theorem	Applications of quantum inspired computational intelligence: a survey	Adaptation in natural and artificial systems: An introductory analysis with applications to biology, control, and artificial intelligence	GPU-based tuning of quantum-inspired genetic algorithm for a combinatorial optimization problem	SATLIB: An Online Resource for Research on SAT
198dcf518298e0afe39d005da5320cfe840480c1	On the relation of nonanticipative rate distortion function and filtering theory	Hidden Markov Models: Estimation and Control	Distortion rate theory and filtering	Asymptotic behavior of nonanticipative epsilon-entropy for Gaussian processes	Nonanticipative rate distortion function and relations to filtering theory	Causality, feedback and directed information	Improved upper bounds to the causal quadratic rate-distortion function for gaussian stationary sources	Data transmission over networks for estimation and control	A tutorial on quantizer design for networked control systems: stabilization and optimization	Control over noisy channels	Feedback control performance over a noisy communication channel	Random-time, state-dependent stochastic drift for markov chains and application to stochastic stabilization over erasure channels	Optimal state estimation for stochastic systems: An information theoretic approach	Entropy optimization filtering for fault isolation of nonlinear non-Gaussian stochastic systems	Rate Distortion Theory: A Mathematical Basis for Data Compression	Directed information on abstract spaces: properties and extremum problems	On causality and mutual information	Estimating the directed information to infer causal relationships in ensemble neural spike train recordings	Nonanticipatory and prognostic epsilon entropies and message generation rates	A Weak Convergence Approach to the Theory of Large Deviations	Directed information on abstract spaces: Properties and variational equalities	On an extremum problem of information theory	Entropy and Information Theory	Rate distortion theory for general sources with potential application to image processing	To code, or not to code: Lossy source-channel communication revisited	Principles and practice of information theory
1e1ea21612a781634ae21271372b77cd19d09212	Longest increasing increasing subsequences: From patience sorting to the Baik-Deift-Johansson theorem	The size of a maximum agreement subtree for random binary trees	On the distribution of lengths of evolutionary trees	A congruence index for testing topological similarity between trees	The probabilities of rooted tree shapes generated by random bifurcation	One fig to bind them all: Host conservativesm in a fig wasp community unraveled by cospeciation analysis among pollinating and nonpollinating fig wasps	Congruence, consensus, and the comparative phylogeography of codistributed species in California	Polya Urn Models	The maximum agreement subtree problem	Phylogenetics	Distributions of tree comparison metrics - some new results	Kaikoura tree theorems: computing the maximum agreement subtree
d7e464a1e466fb04e72a961c24d10ecf65c20890	A genetic programming classifier system. In: Proceedings of the genetic and evolutionary computation conference	Genetic Programming III	An alternative to indexed memory for evolving programs with explicit state representations	Design for a Brain	A demonstration of neural programming applied to non-Markovian problems	Genetic Programming: An Introduction: On the Automatic Evolution of Computer Programs and Its Applications	Fuzzy and crisp representations of real-valued input for learning classifier systems	Generalization in reinforcement learning: Safely approximating the value function	Evolving recursive programs for tree search. In: Advances in genetic programming	On using constructivism in neural classifier systems	On dynamical genetic programming: Simple boolean networks in learning classi- fier systems	Self-adaptive mutation in classifier system controllers	A neural learning classifier system with self-adaptive constructivism. In: Evolutionary Computation	Accuracy-based neuro and neuro-fuzzy classifier systems	On dynamical genetic programming: Random boolean networks in learning classifier systems	Gene regulatory network modeling: A data driven approach	Fuzzy-XCS: A michigan genetic fuzzy system	Cellular automata in fuzzy backgrounds	Cellular array-based delay-insensitive asynchronous circuits design and test for nanocomputing systems	Rhythmic and non-rhythmic attractors in asynchronous random boolean networks	Biological Sequence Analysis: Probabilistic Models of Proteins and Nucleic Acids	Gene Expression Programming: mathematical modeling by an artificial intelligence	An evolutionary programming approach to selfadaptation on finite state machines	Artificial intelligence through a simulation of evolution	A gene network model for developing cell lineages	Classification of random boolean networks	Learning dynamic bayesian networks	Discovering patterns in spatial data using evolutionary programming	The logical analysis of continuous, non-linear biochemical control networks	Time out of joint: Attractors in asynchronous random boolean networks	Genetic fuzzy systems: taxonomy, current research trends and prospects	Comparison between genetic network programming (GNP) and genetic programming (GP)	Adaptation	A spiking neural representation for XCSF	Structure in asynchronous cellular automata	Investigating scaling of an abstracted LCS utilising ternary and S-expression alphabets	Linear-graph GP - a new GP structure	Dynamics in high-dimensional model gene networks	The Origins of Order: Self-Organization and Selection in Evolution	Evolving biological clocks using genetic regulatory networks	Evolution and morphogenesis of differentiated multicellular organisms: Autonomously generated diffusion gradients for positional information	Evolution and morphogenesis of differentiated multicellular organisms: Autonomously generated diffusion gradients for positional information	A study of 3-gene regulation networks using NK-boolean network model and fuzzy logic networking	Genetic Programming	ATNoSFERES: a model for evolutive agent behaviors	ATNoSFERES revisited	Genetic Programming and Data Structures: Genetic Programming + Data Structures = Automatic Programming!	An analysis of generalization in the XCS classifier system	Mining interesting knowledge from data with the XCS classifier system	XCS with stack-based genetic programming	An analysis of generalization in XCS with symbolic conditions	XCS with computed prediction in continuous multistep environments	Extending the representation of classifier conditions part ii: From messy coding to S-expressions	Analysis of population evolution in classifier systems using symbolic representations	Toward optimal classifier system performance in non-Markov environments	Fuzzy neural networks	A numerical investigation of adaptation in populations of random boolean networks	Computed prediction in binary multistep problems	A linguistic fuzzy-XCS classifier system	A first order logic classifier system	Deducing local rules for solving global tasks with random boolean networks	An empirical study of the efficiency of learning boolean functions using a cartesian genetic programming approach	Revisiting the edge of chaos: Evolving cellular automata to perform computations	Machine Learning	Fast learning in networks of locally-tuned processing units	Neural net architectures for temporal sequence processing	Modelling gene expression data using dynamic bayesian networks	Fuzzy-UCS: preliminary results	Adaptation toward the edge of chaos	Bayesian networks: A model of self-activated memory for evidential reasoning	Stack-based genetic programming	Optimum design of fuzzy logic controllers using genetic algorithms	Memory with memory in genetic programming	Discrete dynamical genetic programming in XCS	Efficient evolution of asymmetric recurrent neural networks using a PDGP-inspired two-dimensional representation	Evolving embedded genetic regulatory network-driven control systems	QFCS: A fuzzy LCS in continuous multi-step environments with continuous vector actions	Fuzzy automata and life	Maximin automata	Comparison of tree and graph encodings as function of problem complexity	Numerical Optimization of Computer Models	Graph structured program evolution	Evolution of Parallel Cellular Machines	Co-evolving architectures for cellular machines	Flexible Learning of Problem Solving Heuristics through Adaptive Search	Genetic programming and autoconstructive evolution with the push programming language	A new approach to fuzzy classifier systems and its application in self-generating neuro-fuzzy systems	The evolution of mental models	Neural programming and an internal reinforcement policy	PADO: a new learning architecture for object recognition	Fuzzy logic synthesis with genetic algorithms	CXCS: Triggered linkage	XCSF with computed continuous action	Intelligent machinery	Reinforcement learning in the fuzzy classifier system	The fuzzy classifier system: A classifier system for continuously varying variables	The Theory of Self-Reproducing Automata	ClaDia: a fuzzy classifier system for disease diagnosis	Learning from Delayed Rewards	A formulation of fuzzy automata and its application as a model of learning systems	Asynchronous processor survey	Get real! XCS with continuous-valued inputs	Function approximation with a classifier system	Classifiers that approximate functions	Classifier systems for continuous payoff environments	Three architectures for continuous action	Classifier conditions using gene expression programming	Basins of attraction in network dynamics: A conceptual framework for biomolecular networks	Fuzzy sets
b58e020f6c9c834ba83f07322adc75f3756e087f	Widespread underprovision on reddit	What’s in a name? understanding the interplay between titles, content, and communities in social media	Social networks and social information filtering on digg	Lurker demographics: Counting the silent	Retracing the evolution of Reddit through post data	An exploration of discussion threads in social news sites: A case study of the reddit community
5c7eebc8ba8fe8df00f54496ab743ede61314419	An essay towards solving a problem in the doctrine of chances	Reference posterior distributions for Bayesian inference (with discussion)	The Continuum of Inductive Methods	Information-theoretic asymptotics of Bayes methods	Monotone conditional complexity bounds on future prediction errors	A theory of program size formally identical to information theory	Algorithmic complexity bounds on future prediction errors	Clustering by compression	Similarity of objects and the meaning of words	Statistical theory. The prequential approach	Bayes or Bust? A Critical Examination of Bayesian Confirmation Theory	On the symmetry of algorithmic information	On the relation between descriptional complexity and algorithmic probability	Universal convergence of semimeasures on individual random sequences	New error bounds for Solomonoff prediction	Convergence and loss bounds for Bayesian sequence prediction	On the existence and convergence of computable universal priors	Optimality of universal Bayesian prediction for general loss and alphabet	Universal Artificial Intelligence: Sequential Decisions based on Algorithmic Probability	On generalized computable universal priors and their convergence	Probability Theory: The Logic of Science	An invariant form for the prior probability in estimation problems	Theory of Probability	Three approaches to the quantitative definition of information	Laplace’s law of succession and universal encoding	The selection of prior distributions by formal rules	Th´eorie analytique des probabilit´es	Laws of information conservation (non-growth) and aspects of the foundation of probability theory	An Introduction to Kolmogorov Complexity and its Applications	On the complexity of finite sequences	Probability captures the logic of scientific confirmation	Universal prediction	Stationary algorithmic probability	On the convergence speed of MDL predictions for Bernoulli sequences	MDL convergence speed for Bernoulli sequences	A universal prior for integers and estimation by minimum description length	Stochastic Complexity in Statistical Inquiry	Hierarchies of generalized Kolmogorov complexities and nonenumerable universal measures computable in the limit	The speed prior: A new simplicity measure yielding nearoptimal computable predictions	Optimal ordered problem solver	A formal theory of inductive inference: Parts 1 and 2	Complexity-based induction systems: Comparisons and convergence theorems	The Nature of Statistical Learning Theory	Inferences from multinomial data: learning about a bag of marbles	Statistical and Inductive Inference by Minimum Message Length	No free lunch theorems for optimization	The complexity of finite objects and the development of the concepts of information and randomness by means of the theory of algorithms
8ab8bb8aa41151b85ab367f1152ff17cc17b87d1	Analysis of computer algorithms	Circle graph obstructions	Unifying two graph decompositions with modular decomposition	A new tractable combinatorial decomposition	Algorithmic aspects of a general modular decomposition theory	On deciding switching equivalence of graphs	A linear recognition algorithm for cographs	Theory of 2-structures: A framework for decomposition and transformation of graphs	Permutation graphs and transitive graphs	Transitiv orientierbare Graphen	Algorithmic graph theory and perfect graphs	Recognizing P3 -structure: A switching approach	On perfect switching classes	Complexity of hypergraph coloring and seidel’s switching	Sur le probl`eme des courbes gauches en topologie.	Modular decomposition and transitive orientation	The bi-join decomposition	Bipartitive families and the bi-join decomposition	Graphs of bounded rank width	Rank-width and vertex-minors	Transitive orientation of graphs and identification of permutation graphs	Circular permutation graphs	A survey of two-graphs	A linear time algorithm to recognize circular permutation graphs	Simpler linear-time modular decomposition via recursive factorizing permutations
03a7d6e56d70018b355f4b3ee0f8c8a240bf89a2	Routing in networks with low doubling dimension	Perfect simulation and stationarity of a class of mobility models	On hierarchical routing in doubling metrics	Beacon-vector routing: Scalable point-to-point routing in wireless sensor networks	Routing in distributed networks	Critical power for asymptotic connectivity in wireless networks	The capacity of wireless networks	Dsr: The dynamic source routing protocol for multi-hop wireless ad hoc networks	Gpsr: Greedy perimeter stateless routing for wireless networks	Optimal stretch name independent compact routing in doubling metrics	A deterministic approach to throughput scaling in wireless networks	Scalable location service for geographic ad hoc routing	Maximizing throughput in wireless networks via gossip	Ad-hoc on-demand distance vector routing	Geographic routing without location information	Balls into bins: A simple and tight analysis	Delay and capacity trade-offs in mobile ad hoc networks: A global perspective	Bypassing the embedding: algorithms for low dimensional metrics	Robust geo-routing on embeddings of dynamic wireless networks
8c1c76248e128c7e5789c7f0a9a89fbba17e4c11	An index to quantify an individual’s scientific research output	Critique of Hirsch’s citation index: a combinatorial Fermi problem	Is it possible to compare researchers with different scientific interests?	The rise and rise of citation analysis	The e-index, complementing the h-index for excess citations	Theory and practise of the g-index	The z-index: A geometric representation of productivity and impact which accounts for information in the entire rank-citation profile	Google scholar citations open to all	The h-index research output measurement: Two approaches to enhance its accuracy	v-index: A fairer index to quantify an individual’s research output capacity	Prevalence of articles with honorary authors and ghost authors in peer-reviewed medical journals	Schatten: Pitt panel finds “misbehavior” but not misconduct	Uniform requirements for manuscripts submitted to biomedical journals	An empirical analysis of the use of alphabetical authorship in scientific publishing
3717dc0dba9fdb13d1459ed4edf7955dce2e06b3	Einf¨uhrung in Operations Research	Combinatorial Algorithms: Generation, Enumeration and Search	Communication and Computing for Distributed Multimedia Systems	An Introduction to Genetic Algorithms	Combinatorial Algorithms	A Tutorial on MPEG/Audio Compression	The Probability Ranking Principle in IR	Multimedia Information Retrieval—Content-Based Information Retrieval from Large Text and Audio Databases	Intelligent Multimedia Information Retrieval	Applied Simulated Annealing	Overview of the Seventh Text REtrieval Conference (TREC-7)	Spoken Document Retrieval Based on Phoneme Recognition
